"P0. Município","1. Tipo da Categoria. Especificar de acordo com os itens listados abaixo. Se o equipamento possuir mais de uma categoria, registrar um formulário para cada categoria.","2. Situação. Selecionar ATIVO ou INATIVO.","3. Nome. Informar o nome pelo qual o equipamento é mais conhecido pela comunidade local ou visitantes.","4. Endereço. Informar com o maior detalhamento possível, incluindo rua, número, bairro/distrito e CEP.","5.1 Coordenadas. Informar a latitude do local em formato decimal.","5.2 Coordenadas. Informar a longitude do local em formato decimal.","6. DDD / Telefone. Informar no padrão (XX) XXXXX-XXXX.","7. Outro Telefone. Informar telefone adicional, se aplicável, no padrão (XX) XXXXX-XXXX.","8. Site. Informar o link do site e/ou os nomes dos perfis das redes sociais.","9. E-mail. Informar o e-mail do equipamento.","10.1 Número de Funcionários. Informar o número de funcionários permanentes.","10.2 Número de Funcionários. Informar o número de funcionários temporários (diaristas).","11. Área. Informar a área total do estabelecimento em metros quadrados.","12.1 Capacidade de Atendimento. Informar o número total de mesas.","12.2 Capacidade de Atendimento. Informar o número total de pessoas atendidas simultaneamente.","13.1 Especialidade. Tipo de restaurante. Selecionar os campos de acordo com a realidade do estabelecimento.","13.1 Especialidade. Tipo de restaurante. Selecionar os campos de acordo com a realidade do estabelecimento.","13.1 Especialidade. Tipo de restaurante. Selecionar os campos de acordo com a realidade do estabelecimento.","13.1 Especialidade. Tipo de restaurante. Selecionar os campos de acordo com a realidade do estabelecimento.","13.1 Especialidade. Tipo de restaurante. Selecionar os campos de acordo com a realidade do estabelecimento.","13.1 Especialidade. Tipo de restaurante. Selecionar os campos de acordo com a realidade do estabelecimento.","13.1 Especialidade. Tipo de restaurante. Selecionar os campos de acordo com a realidade do estabelecimento.","13.2 Especialidade. Especifique outro tipo de restaurante não listado.","13.3 Especialidade. Tipo de culinária. Selecionar os campos de acordo com a realidade do estabelecimento.","13.3 Especialidade. Tipo de culinária. Selecionar os campos de acordo com a realidade do estabelecimento.","13.3 Especialidade. Tipo de culinária. Selecionar os campos de acordo com a realidade do estabelecimento.","13.3 Especialidade. Tipo de culinária. Selecionar os campos de acordo com a realidade do estabelecimento.","13.3 Especialidade. Tipo de culinária. Selecionar os campos de acordo com a realidade do estabelecimento.","13.3 Especialidade. Tipo de culinária. Selecionar os campos de acordo com a realidade do estabelecimento.","13.3 Especialidade. Tipo de culinária. Selecionar os campos de acordo com a realidade do estabelecimento.","13.3 Especialidade. Tipo de culinária. Selecionar os campos de acordo com a realidade do estabelecimento.","13.3 Especialidade. Tipo de culinária. Selecionar os campos de acordo com a realidade do estabelecimento.","13.3 Especialidade. Tipo de culinária. Selecionar os campos de acordo com a realidade do estabelecimento.","13.3 Especialidade. Tipo de culinária. Selecionar os campos de acordo com a realidade do estabelecimento.","13.3 Especialidade. Tipo de culinária. Selecionar os campos de acordo com a realidade do estabelecimento.","13.3 Especialidade. Tipo de culinária. Selecionar os campos de acordo com a realidade do estabelecimento.","13.3 Especialidade. Tipo de culinária. Selecionar os campos de acordo com a realidade do estabelecimento.","13.3 Especialidade. Tipo de culinária. Selecionar os campos de acordo com a realidade do estabelecimento.","13.3 Especialidade. Tipo de culinária. Selecionar os campos de acordo com a realidade do estabelecimento.","13.3 Especialidade. Tipo de culinária. Selecionar os campos de acordo com a realidade do estabelecimento.","13.3 Especialidade. Tipo de culinária. Selecionar os campos de acordo com a realidade do estabelecimento.","13.3 Especialidade. Tipo de culinária. Selecionar os campos de acordo com a realidade do estabelecimento.","13.3 Especialidade. Tipo de culinária. Selecionar os campos de acordo com a realidade do estabelecimento.","13.3 Especialidade. Tipo de culinária. Selecionar os campos de acordo com a realidade do estabelecimento.","13.3 Especialidade. Tipo de culinária. Selecionar os campos de acordo com a realidade do estabelecimento.","13.4 Especialidade. Especifique outro tipo de culinária não listado.","13.5 Especialidade. Pratos típicos pernambucanos. Selecionar os campos de acordo com a realidade do estabelecimento.","13.5 Especialidade. Pratos típicos pernambucanos. Selecionar os campos de acordo com a realidade do estabelecimento.","13.5 Especialidade. Pratos típicos pernambucanos. Selecionar os campos de acordo com a realidade do estabelecimento.","13.5 Especialidade. Pratos típicos pernambucanos. Selecionar os campos de acordo com a realidade do estabelecimento.","13.5 Especialidade. Pratos típicos pernambucanos. Selecionar os campos de acordo com a realidade do estabelecimento.","13.5 Especialidade. Pratos típicos pernambucanos. Selecionar os campos de acordo com a realidade do estabelecimento.","13.5 Especialidade. Pratos típicos pernambucanos. Selecionar os campos de acordo com a realidade do estabelecimento.","13.5 Especialidade. Pratos típicos pernambucanos. Selecionar os campos de acordo com a realidade do estabelecimento.","13.5 Especialidade. Pratos típicos pernambucanos. Selecionar os campos de acordo com a realidade do estabelecimento.","13.5 Especialidade. Pratos típicos pernambucanos. Selecionar os campos de acordo com a realidade do estabelecimento.","13.5 Especialidade. Pratos típicos pernambucanos. Selecionar os campos de acordo com a realidade do estabelecimento.","13.5 Especialidade. Pratos típicos pernambucanos. Selecionar os campos de acordo com a realidade do estabelecimento.","13.5 Especialidade. Pratos típicos pernambucanos. Selecionar os campos de acordo com a realidade do estabelecimento.","13.5 Especialidade. Pratos típicos pernambucanos. Selecionar os campos de acordo com a realidade do estabelecimento.","13.6 Especialidade. Especifique outro prato típico pernambucano não listado.","13.7 Especialidade. Petiscos. Selecionar os campos de acordo com a realidade do estabelecimento.","13.7 Especialidade. Petiscos. Selecionar os campos de acordo com a realidade do estabelecimento.","13.7 Especialidade. Petiscos. Selecionar os campos de acordo com a realidade do estabelecimento.","13.7 Especialidade. Petiscos. Selecionar os campos de acordo com a realidade do estabelecimento.","13.7 Especialidade. Petiscos. Selecionar os campos de acordo com a realidade do estabelecimento.","13.7 Especialidade. Petiscos. Selecionar os campos de acordo com a realidade do estabelecimento.","13.7 Especialidade. Petiscos. Selecionar os campos de acordo com a realidade do estabelecimento.","13.7 Especialidade. Petiscos. Selecionar os campos de acordo com a realidade do estabelecimento.","13.7 Especialidade. Petiscos. Selecionar os campos de acordo com a realidade do estabelecimento.","13.7 Especialidade. Petiscos. Selecionar os campos de acordo com a realidade do estabelecimento.","13.7 Especialidade. Petiscos. Selecionar os campos de acordo com a realidade do estabelecimento.","13.7 Especialidade. Petiscos. Selecionar os campos de acordo com a realidade do estabelecimento.","13.7 Especialidade. Petiscos. Selecionar os campos de acordo com a realidade do estabelecimento.","13.7 Especialidade. Petiscos. Selecionar os campos de acordo com a realidade do estabelecimento.","13.7 Especialidade. Petiscos. Selecionar os campos de acordo com a realidade do estabelecimento.","13.7 Especialidade. Petiscos. Selecionar os campos de acordo com a realidade do estabelecimento.","13.8 Especialidade. Especifique outro petisco não listado.","14.1 Período de Funcionamento. Selecionar se a atividade é permanente ou de temporada.","14.2 Período de Funcionamento. Marcar se funciona em finais de semana, feriados e/ou festas.","14.2 Período de Funcionamento. Marcar se funciona em finais de semana, feriados e/ou festas.","14.3 Período de Funcionamento. Assinalar os meses em que há operação.","14.3 Período de Funcionamento. Assinalar os meses em que há operação.","14.3 Período de Funcionamento. Assinalar os meses em que há operação.","14.3 Período de Funcionamento. Assinalar os meses em que há operação.","14.3 Período de Funcionamento. Assinalar os meses em que há operação.","14.3 Período de Funcionamento. Assinalar os meses em que há operação.","14.3 Período de Funcionamento. Assinalar os meses em que há operação.","14.3 Período de Funcionamento. Assinalar os meses em que há operação.","14.3 Período de Funcionamento. Assinalar os meses em que há operação.","14.3 Período de Funcionamento. Assinalar os meses em que há operação.","14.3 Período de Funcionamento. Assinalar os meses em que há operação.","14.3 Período de Funcionamento. Assinalar os meses em que há operação.","15.1 Funcionamento Dias/Horário. Atendimento 24 horas.","15.2 Funcionamento Dias/Horário. Dias úteis, turno 1, horário inicial.","15.3 Funcionamento Dias/Horário. Dias úteis, turno 1, horário final.","15.4 Funcionamento Dias/Horário. Dias úteis, turno 2, horário inicial.","15.5 Funcionamento Dias/Horário. Dias úteis, turno 2, horário final.","15.6 Funcionamento Dias/Horário. Finais de semana/feriados, turno 1, horário inicial.","15.7 Funcionamento Dias/Horário. Finais de semana/feriados, turno 1, horário final.","15.8 Funcionamento Dias/Horário. Finais de semana/feriados, turno 2, horário inicial.","15.9 Funcionamento Dias/Horário. Finais de semana/feriados, turno 2, horário final.","15.10 Funcionamento Dias/Horário. Observações e outros períodos.","16. Pesquisador. Campo preenchido automaticamente com o usuário responsável pelo preenchimento do formulário.","17.1 Fonte. Informar de onde, pessoa ou órgão/entidade, as informações foram extraídas.","17.2 Fonte. Informar os contatos da fonte, se disponíveis, como nome do responsável, telefone e e-mail.","11. Pesquisador: ","Pesquisador","Nro. Identificação","Data Início","Data Fim","Latitude","Longitude"
"Orocó ","Restaurantes","ATIVO","RESTAURANTE PANELA DE BARRO","Rua prefeito antônio de carvalho,173,cohab velha,centro,5617000.","(Pendencia)","Pendencia","87999461930","87999927810","@panella.de.barro.oroco","Não tem.",10,1,90,14,200,"Delivery","Self-service",,,,,,,"Pernambucana",,,,,,,,,,,,,,,,,,,,,,,"Bode","Outros",,,,,,,,,,,,,"Baião de 2,feijoada,churasco.","Outros",,,,,,,,,,,,,,,,"Figado,carne de sol,frango,linguiça.","Permanente","Finais de semana",,"Janeiro","Fevereiro","Março","Abril","Maio","Junho","Julho","Agosto","Setembro","Outubro","Novembro","Dezembro","Sim",,,,,,,,,"Sete dias de 08:00 as 14:00horas","Poliana marcia de souza","Dona do restalrente.","Poliana de souza,87 9996487902","Wylyana Dias dos Santos | 1295901459 ","Wylyana Dias dos Santos | 1295901459",3369712,05/05/2026 09:04:00,05/05/2026 09:59:05,-8.61529333,-39.59973936
"Orocó ","Restaurantes","ATIVO","Esquina e sabor","Rua joaquin dantas,339,centro,5617000","Pendente","-B,6195910, -39.600273","87996506819","Não","@esquinae.sabor","Não",6,2,100,20,100,"Delivery","Self-service",,,,,,,"Pernambucana",,,,,,,,,,,,,,,,,,,,,,,"Bode","Buchada","Carne de sol com macaxeira","Outros",,,,,,,,,,,"Peixe frito,munguzar ,sopa,caldo de mocoto,feijoada.","Caldinhos","Espetinho",,,,,,,,,,,,,,,,"Permanente","Finais de semana",,"Janeiro","Fevereiro","Março","Abril","Maio","Junho","Julho","Agosto","Setembro","Outubro","Novembro","Dezembro","Sim",,,,,,,,,"Terça a domingo das 08:00 as 22:00 horas","Genildo dos santos nascimento","Dono do estabelecimento.","87996803158","Wylyana Dias dos Santos | 1295901459 ","Wylyana Dias dos Santos | 1295901459",3369713,05/05/2026 10:01:58,05/05/2026 10:42:26,-8.61611081,-39.60038812
"Orocó ","Restaurantes","ATIVO","Restaurante saber da terra.","Avenida São Sebastião, 278,centro,56.170.000","8.614241",",-39.599603","87999058833","87996149066","Não","Não",4,1,80,5,60,"Delivery","Self-service",,,,,,,"Pernambucana",,,,,,,,,,,,,,,,,,,,,,,"Bode","Outros",,,,,,,,,,,,,"Feijoada,galinha caipira,peixe.","Outros",,,,,,,,,,,,,,,,"Figado.","Permanente","Finais de semana",,"Janeiro","Fevereiro","Março","Abril","Maio","Junho","Julho","Agosto","Setembro","Outubro","Novembro","Dezembro","Sim",,,,,,,,,"6 dias de 07:00 as 14:00horas.","Maria Ilda Ribeiro da Silva.","Dona de estabelecimento","87999057823","Wylyana Dias dos Santos | 1295901459 ","Wylyana Dias dos Santos | 1295901459",3369714,05/05/2026 10:57:24,05/05/2026 11:09:05,-8.62068737,-39.59918649
"Orocó ","Bares","ATIVO","Bacanas","Avenida prefeito ulises de novas biones.","8.617108","-39.591148","87995008890","Não","Não","Não",5,2,70,30,60,"À la carte",,,,,,,,"Pernambucana",,,,,,,,,,,,,,,,,,,,,,,"Outros",,,,,,,,,,,,,,"Espetinho, cupim,frango,coração, baião,macaxeira, caldo.","Caldinhos","Espetinho",,,,,,,,,,,,,,,,"Permanente","Finais de semana",,"Janeiro","Fevereiro","Março","Abril","Maio","Junho","Julho","Agosto","Setembro","Outubro","Novembro","Dezembro","Sim",,,,,,,,,"Teça a sabado 19:00 as 23:00 horas","Dono do estabecimento.","José chirlan de meneses silva.","87999508899","Wylyana Dias dos Santos | 1295901459 ","Wylyana Dias dos Santos | 1295901459",3372686,06/05/2026 20:26:54,06/05/2026 20:39:01,-8.61842480,-39.60164683
"Orocó ","Churrascaria","ATIVO","Churascaria menino jesus.","Avenida central ,70, br 428 , 56.170.000","Erica fabiola barbosa dos santos","87996692525","999","999","999","999",15,10,400,24,200,"À la carte","Delivery",,,,,,,"Pernambucana",,,,,,,,,,,,,,,,,,,,,,,"Bode","Carne de sol com macaxeira","Galinha de cabidela",,,,,,,,,,,,,"Caldinhos","Carne de sol acebolada","Linguiça de bode",,,,,,,,,,,,,,,"Permanente","Finais de semana",,"Janeiro","Fevereiro","Março","Abril","Maio","Junho","Julho","Agosto","Setembro","Outubro","Novembro","Dezembro","Não","Sim 7 dias 06:00horas","22:00horas","7dias 14:00horas","22:00horas","7 dias 06:00 horas","7 dias 14:00horas","7 dias 14:00horas","22:00 horas","999","Erica fabiola barbosa de solsa","Dona do estabelecimento","87 996692525","Wylyana Dias dos Santos | 1295901459 ","Wylyana Dias dos Santos | 1295901459",3377004,09/05/2026 11:15:39,09/05/2026 11:30:28,-8.61434399,-39.60427799
"Orocó ","Bares","ATIVO","Drinks Bar","Rua prefeito ulices de novas biones,centro,807,Orocó,56.170.000.","-8.618582","-39.594784","87999461927","879996545655","@drinkisbar","999",6,1,100,40,100,"À la carte","Delivery",,,,,,,"Pernambucana",,,,,,,,,,,,,,,,,,,,,,,"Bode","Carne de sol com macaxeira","Outros",,,,,,,,,,,,"Baião, cuscuz,tropeiro.","Caldinhos","Carne de sol acebolada","Espetinho","Macaxeira frita","Queijo coalho na brasa","Tripa frita",,,,,,,,,,,,"Permanente","Finais de semana",,"Janeiro","Fevereiro","Março","Abril","Maio","Junho","Julho","Agosto","Setembro","Outubro","Novembro","Dezembro","Sim",,,,,,,,,"6 dias de 18:00 as 00:00hras","Maike saelly de souza vasconcelos","Dono estabelecimento.","87996555655","Wylyana Dias dos Santos | 1295901459 ","Wylyana Dias dos Santos | 1295901459",3377743,09/05/2026 17:58:06,09/05/2026 18:22:15,-8.61670760,-39.60334442
"Orocó ","Restaurantes","ATIVO","Restaurante chapa quente","Avenida Prefeito Ulisses de Novaes Bione, 236","8619404","39600806","87991356493","87996572403","@chapaquente2014","adrianabarbosaoroco@gmail.com",3,2,999,20,80,"À la carte","Delivery",,,,,,,"Pernambucana",,,,,,,,,,,,,,,,,,,,,,,"Bode","Carne de sol com macaxeira","Cozido pernambucano","Peixada pernambucano",,,,,,,,,,,,"Carne de sol acebolada","Espetinho","Linguiça de bode","Macaxeira frita","Outros",,,,,,,,,,,,"999","Permanente","Feriados e festas",,"Janeiro","Fevereiro","Março","Abril","Maio","Junho","Julho","Agosto","Setembro","Outubro","Novembro","Dezembro","Não","Segunda a sexta de 07:00 as 15:30","Café e almoço","999","999","999","999","07;00 as 15:30","999","999","Catarina","Adriana Barbosa","87998194845","Catarina Bezerra de Menezes | 1342687289","Catarina Bezerra de Menezes | 1342687289",3379159,11/05/2026 09:30:49,11/05/2026 09:42:16,-8.61940340,-39.60079270
"Orocó ","Bares","ATIVO","Espetinho bombolado","Avenida josé agra neto,645,,cohab, 56.170.000","8.615808,","-39.606077","87999026449","999","999","999",5,999,1,18,250,"À la carte","Delivery",,,,,,,"Pernambucana",,,,,,,,,,,,,,,,,,,,,,,"Outros",,,,,,,,,,,,,,"Espetinho, farofa, macaxeira, vinagrete.","Caldinhos","Espetinho",,,,,,,,,,,,,,,,"Permanente","Finais de semana",,"Janeiro","Fevereiro","Março","Abril","Maio","Junho","Julho","Agosto","Setembro","Outubro","Novembro","Dezembro","Sim",,,,,,,,,"4 dias de 18:00 a 23:00 horas","Simone oliveira gonçalves Brandárão","Proprietaria","87999861091","Wylyana Dias dos Santos | 1295901459 ","Wylyana Dias dos Santos | 1295901459",3385799,14/05/2026 10:12:14,14/05/2026 10:25:40,-8.61303277,-39.60077385
"Trindade","Restaurantes","ATIVO","Gilda's Restaurante","Margens da Br 316, Trindade-PE,  56.250-000","-7.7735366","-40.252155","+55 87 96040-421","R/N","https://www.instagram.com/gildasrestaurante?igsh=MXZwNzY5NTVpcnNqNw==","R/N",5,0,120,8,20,"Delivery","Self-service","Outros",,,,,"Costela saborosa e um excelente almoço.","Pernambucana",,,,,,,,,,,,,,,,,,,,,,,"Bode","Carne de sol com macaxeira","Cozido pernambucano","Outros",,,,,,,,,,,"Comidas simples de restaurante, especialista em costela saborosa","Caldinhos","Macaxeira frita","Outros",,,,,,,,,,,,,,"Picadinho de Bife e frango, bife na cebola, baião saboroso, peixe frito, saladas da gildas, e muito outros postiços e comidas típicas.","Permanente","Finais de semana","Feriados e festas","Janeiro","Fevereiro","Março","Abril","Maio","Junho","Julho","Agosto","Setembro","Outubro","Novembro","Dezembro","Não","Segunda a sábado das 8:00h as 17:h","Funciona normal nas semanas e finais de semanas","Sábados 08:00h às 12:00h","Fechas as 17 horas no horário comercial","Apenas nos sábados até meio dia","As vezes no domingos até meio dia.","R/n","R/N","Funciona apenas nos horários comercial","C. Anderson dos Santos Oliveira","Populares, ida ao local e internet.","Gilda's,  +55 87 96040-421","CICERO ANDERSON DOS SANTOS OLIVEIRA | 1295889182 ","CICERO ANDERSON DOS SANTOS OLIVEIRA | 1295889182",3387824,15/05/2026 12:35:41,15/05/2026 13:05:33,-7.76495167,-40.25910167
"Manari ","Restaurantes","ATIVO","O Rancho Comedoria e Petiscaria","Sítio Umbuzeiro Doce, Zona Rural, 56565000","8°56'31'S","37°38'59'W","87996623207","87999312396","@orancho_123","ricardomariana82@gmail.com",3,2,1200,20,100,"Self-service","Outros",,,,,,"Porções individuais e pratos feitos","Pernambucana","Outros",,,,,,,,,,,,,,,,,,,,,"Comida caseira, gastronomia regional","Buchada","Carne de sol com macaxeira","Chambaril","Mão-de-vaca","Sarapatel","Outros",,,,,,,,,"Feijoada, feijão tropeiro, peixe frito, churrasco, pirão, cuscuz, Xerém, galinha capoeira.","Caldinhos","Carne de sol acebolada","Chambaril","Escondidinho de charque","Macaxeira frita","Queijo coalho na brasa","Sarapatel","Tripa frita",,,,,,,,,,"Permanente","Finais de semana","Feriados e festas","Janeiro","Fevereiro","Março","Abril","Maio","Junho","Julho","Agosto","Setembro","Outubro","Novembro","Dezembro","Não","9:00","12:00","12:00","18:00","9:00","13:00","13:00","20:00","Não abre de segunda a quinta-feira","Marciano Rodrigues de Oliveira","Ricardo Vieira Malta - O Rancho Comedoria e Petiscaria","87996623207","Marciano Rodrigues de Oliveira | 1323221000","Marciano Rodrigues de Oliveira | 1323221000",3390549,16/05/2026 19:32:12,16/05/2026 19:55:16,-8.94201667,-37.64964333
"Manari ","Restaurantes","ATIVO","Restaurante três irmãs","Avenida JK, praça central, centro, 56565000","8°57'43'S","37°37'31'W","87999964281","87999338808","@restaurante_tres.irmas","dridrigues73@gmail.com",2,2,46,12,60,"Delivery","Self-service",,,,,,,"Pernambucana","Outros",,,,,,,,,,,,,,,,,,,,,"Culinária regional, massas, caldinhos, crepes.","Arrumadinho","Bode","Buchada","Carne de sol com macaxeira","Chambaril","Cozido pernambucano","Dobradinha","Mão-de-vaca","Peixada pernambucano","Rabada",,,,,,"Arrumadinho","Caldinhos","Carne de sol acebolada","Chambaril","Escondidinho de charque","Espetinho","Macaxeira frita","Queijo coalho na brasa","Tripa frita",,,,,,,,,"Permanente","Finais de semana","Feriados e festas","Janeiro","Fevereiro","Março","Abril","Maio","Junho","Julho","Agosto","Setembro","Outubro","Novembro","Dezembro","Não","7:00","12:00","12:00","22:00","7:00","12:00","12:00","22:00","Domingo a domingo das 7:00 às 22:00","Marciano Rodrigues de Oliveira","Diana Cícera da Silva - Restaurante três irmãs","87999964281","Marciano Rodrigues de Oliveira | 1323221000","Marciano Rodrigues de Oliveira | 1323221000",3394396,19/05/2026 17:04:57,19/05/2026 17:19:55,-8.96217500,-37.62528000
"Trindade","Lanchonetes","ATIVO","Lanchonete Paraná","Br 316 Km 61 Auto posto Zuilton 3 loteamento vista da torre, Trindade-PE, 56250-000","-7.7740681","-40.252745","87 99997-5067","87996628216","https://www.instagram.com/lanchoneteparana24?igsh=MWx0b3NjNjd3NWkzeA==","R/N",8,0,40,10,30,"Delivery","Fast food",,,,,,,"Pernambucana","Outros",,,,,,,,,,,,,,,,,,,,,"Burgers, salgados e bolos, típicos, baião Macaxeira, farofa, vinagrete.","Carne de sol com macaxeira","Cozido pernambucano","Outros",,,,,,,,,,,,"Cuscuz com carne","Macaxeira frita","Outros",,,,,,,,,,,,,,,"Hambúrguer artesanal, e Carne na chapa","Permanente","Finais de semana","Feriados e festas","Janeiro","Fevereiro","Março","Abril","Maio","Junho","Julho","Agosto","Setembro","Outubro","Novembro","Dezembro","Sim",,,,,,,,,"Segunda a domingo","Anderson dos Santos Oliveira","Rafael, gerente do local, ida ao local, pesquisa na internet.","Rafael, 87 99662-8216","CICERO ANDERSON DOS SANTOS OLIVEIRA | 1295889182 ","CICERO ANDERSON DOS SANTOS OLIVEIRA | 1295889182",3394881,20/05/2026 09:28:16,20/05/2026 09:45:00,-7.77565833,-40.25215667
"Trindade","Restaurantes","ATIVO","Restaurante Paraná","Br 316, Km 61 loteamento vista da torre, Trindade-PE, 56250-000","-7.7721746","-40.254406","87 991127650","87996628216","https://www.instagram.com/churrascariaparanatrindade?igsh=MW84b2J0cTdrdzJhbQ==","R/N",15,0,300,36,150,"À la carte","Buffet","Delivery","Fast food","Self-service",,,,"Pernambucana",,,,,,,,,,,,,,,,,,,,,,,"Carne de sol com macaxeira",,,,,,,,,,,,,,,"Caldinhos","Carne de sol acebolada","Macaxeira frita","Outros",,,,,,,,,,,,,"Costelão no bafo, cupim no bafo, churrasco, baião, lasanha, petiscos; churrasco e fritas.","Permanente","Finais de semana","Feriados e festas","Janeiro","Fevereiro","Março","Abril","Maio","Junho","Julho","Agosto","Setembro","Outubro","Novembro","Dezembro","Não","Todo dia da semana, abre as 11:h e fecha às 23h","De segunda as sexta funciona as 11:h até às 23h","Funciona as 11h e vai até às 23 nos finais de semana","R/N","Funciona das 11h as 23h","Das 11h as 23h","11:h","11:h as 23h","R/N","Anderson dos Santos Oliveira","Rafael gerente do local","Rafael: 87 996628216","CICERO ANDERSON DOS SANTOS OLIVEIRA | 1295889182 ","CICERO ANDERSON DOS SANTOS OLIVEIRA | 1295889182",3394912,20/05/2026 09:48:56,20/05/2026 10:03:32,-7.77565000,-40.25212500
"Manari ","Lanchonetes","ATIVO","Pastelaria e Conveniência Cintra","Rua Antônio Jorge, 326, Centro, 56565000","85843","373728","87999206431","87996054237","@pastelaria_cintra","mayracintra325@gmail.com",3,2,144,5,40,"Delivery","Fast food","Outros",,,,,"Tortas salgadas, bolos regionais, feijoada, arroz cremoso, cuscuz recheado, entre outros.","Pernambucana",,,,,,,,,,,,,,,,,,,,,,,"Arrumadinho","Mão-de-vaca","Outros",,,,,,,,,,,,"Cuscuz recheado, mungunzá, feijoada, bolos de milho, etc.","Arrumadinho","Caldinhos","Tripa frita",,,,,,,,,,,,,,,"Permanente","Finais de semana","Feriados e festas","Janeiro","Fevereiro","Março","Abril","Maio","Junho","Julho","Agosto","Setembro","Outubro","Novembro","Dezembro","Sim",,,,,,,,,"Atende todos os dias e horários.","Marciano Rodrigues de Oliveira","Tainara Mayra da Silva Campos","87999206431","Marciano Rodrigues de Oliveira | 1323221000","Marciano Rodrigues de Oliveira | 1323221000",3395489,20/05/2026 13:42:02,20/05/2026 14:02:35,-8.96184833,-37.62448500
"Manari ","Restaurantes","ATIVO","Boteco Boêmios e Petiscaria","Avenida Costa e Silva, 192, Centro, 56565000","85741","373737","87991969971","87996069848","@botecoboemios","botecoboemios6@gmail.com",10,2,112,20,30,"Delivery","Self-service","Outros",,,,,"Prato feito, entrega de quentinhas.","Pernambucana","Vegana","Vegetariana",,,,,,,,,,,,,,,,,,,,,"Arrumadinho","Bode","Carne de sol com macaxeira","Dobradinha","Rabada","Outros",,,,,,,,,"Peixes, churrasco, galinha capoeira, feijoada.","Arrumadinho","Caldinhos","Carne de sol acebolada","Frutos do mar","Macaxeira frita","Queijo coalho na brasa","Tripa frita","Outros",,,,,,,,,"Filé com fritas, iscas de frango, cupim, torresmo.","Permanente","Finais de semana","Feriados e festas","Janeiro","Fevereiro","Março","Abril","Maio","Junho","Julho","Agosto","Setembro","Outubro","Novembro","Dezembro","Não","10:00","12:00","12:00","0:00","9:00","12:00","12:00","0:00","Atendimento de terça à sábado.","Marciano Rodrigues de Oliveira","Cícera Meire da Silva - Boteco Boêmios e Petiscaria","87991969971","Marciano Rodrigues de Oliveira | 1323221000","Marciano Rodrigues de Oliveira | 1323221000",3395490,20/05/2026 14:28:22,20/05/2026 14:45:04,-8.96125270,-37.62689980
"Manari ","Lanchonetes","ATIVO","Mix lanches","Rod PE 300, Centro, 56565000","8°57'31'S","37°37'37'W","87996179040","87996179040","999","Não tem",4,0,110,15,60,"Fast food","Outros",,,,,,"Lanche servidos diariamente","Pernambucana",,,,,,,,,,,,,,,,,,,,,,,"Arrumadinho","Bode","Carne de sol com macaxeira","Rabada","Sarapatel","Outros",,,,,,,,,"Galinha capoeira","Arrumadinho","Carne de sol acebolada","Macaxeira frita","Queijo coalho na brasa","Outros",,,,,,,,,,,,"Batata frita, calabresa acebolada, iscas de frango, peixes.","Permanente","Finais de semana","Feriados e festas","Janeiro","Fevereiro","Março","Abril","Maio","Junho","Julho","Agosto","Setembro","Outubro","Novembro","Dezembro","Não","Não tem funcionamento","Não tem funcionamento","18:30","23:30","Não tem funcionamento","Não tem funcionamento","18:30","23:30","Atendimento de terça à domingo","Marciano Rodrigues de Oliveira","Antônio Paulo Barbosa - Mix Lanches","8796179040","Marciano Rodrigues de Oliveira | 1323221000","Marciano Rodrigues de Oliveira | 1323221000",3395492,20/05/2026 17:17:33,20/05/2026 17:39:42,-8.95889290,-37.62235160
"Orocó ","Pizzarias","ATIVO","Nogueira pizzaria.","Av.Prefeito ulisses de novas Bione.centro.56170000.","8.619197","-39.600480","(87)9 9206-5472","999","999","999",6,2,80,32,62,"À la carte","Delivery",,,,,,,"Pernambucana",,,,,,,,,,,,,,,,,,,,,,,"Outros",,,,,,,,,,,,,,"Hamburgue","Outros",,,,,,,,,,,,,,,,"Pizza e Hamburgue.","Permanente","Finais de semana","Feriados e festas","Janeiro","Fevereiro","Março","Abril","Maio","Junho","Julho","Agosto","Setembro","Outubro","Novembro","Dezembro","Sim",,,,,,,,,"18:00 as 23:00hrs","Witaela Marta de Souza Ferraz Nogueira.","Proprietaria do estabelecimento.","(87)99206-5472","Wylyana Dias dos Santos | 1295901459 ","Wylyana Dias dos Santos | 1295901459",3397758,22/05/2026 11:05:03,22/05/2026 11:25:08,-8.61910332,-39.60072222
"Manari ","Restaurantes","ATIVO","Restaurante e bar do Eron","Sítio Garrote, 890, Zona Rural, 56565000","8°57'55'S","37°34'32'W","87981283400","87981283400","@bardoeron","Não tem",3,1,150,10,30,"À la carte","Delivery","Self-service","Outros",,,,"Prato feito e porções","Pernambucana","Vegana","Vegetariana",,,,,,,,,,,,,,,,,,,,,"Bode","Buchada","Carne de sol com macaxeira","Chambaril","Mão-de-vaca","Peixada pernambucano","Rabada","Sarapatel","Outros",,,,,,"Galinha capoeira, peixes, fígado, bisteca de porco, boi guisado e boi assado.","Agulha frita","Caldinhos","Carne de sol acebolada","Chambaril","Espetinho","Macaxeira frita","Sarapatel","Tripa frita",,,,,,,,,,"Permanente","Finais de semana","Feriados e festas","Janeiro","Fevereiro","Março","Abril","Maio","Junho","Julho","Agosto","Setembro","Outubro","Novembro","Dezembro","Não","8:00","12:00","12:00","19:00","9:00","12:00","12:00","19:00","Funcionamento em ocasiões especiais também.","Marciano Rodrigues de Oliveira","Eron do Bar","87981283400","Marciano Rodrigues de Oliveira | 1323221000","Marciano Rodrigues de Oliveira | 1323221000",3399045,22/05/2026 14:35:44,22/05/2026 14:50:38,-8.96530333,-37.57559000
"Orocó ","Pizzarias","ATIVO","Tempero da Nanô.","Avenida são sebastião,180,56.170.000","-8.613998,","-39.603612","87998022740","999","@pizzariadananô","999",1,8,100,30,120,"À la carte","Delivery",,,,,,,"Pernambucana",,,,,,,,,,,,,,,,,,,,,,,"Outros",,,,,,,,,,,,,,"Hamburgue.","Outros",,,,,,,,,,,,,,,,"999","Permanente","Finais de semana","Feriados e festas","Janeiro","Fevereiro","Março","Abril","Maio","Junho","Julho","Agosto","Setembro","Outubro","Novembro","Dezembro","Sim",,,,,,,,,"17:30 as 23:00hrs","Proprietaria","Alianor menezes","87998022740","Wylyana Dias dos Santos | 1295901459 ","Wylyana Dias dos Santos | 1295901459",3404010,26/05/2026 13:15:20,26/05/2026 13:28:34,-8.61922591,-39.60081652
"Ibimirim ","Restaurantes","ATIVO","Bar e restaurante do fofão ","Rua presidente Vargas S/N bairros Lages Ibimirim,Pernambuco . ","-8.5346615,","-37.6953042","87988143749","999","999","999",2,0,10,7,35,"Delivery","Self-service",,,,,,,"Pernambucana",,,,,,,,,,,,,,,,,,,,,,,"Bode","Cozido pernambucano",,,,,,,,,,,,,,"Outros",,,,,,,,,,,,,,,,"Bode cozido ","Permanente","Finais de semana",,"Janeiro","Fevereiro","Março","Abril","Maio","Junho","Julho","Agosto","Setembro","Outubro","Novembro","Dezembro","Não","6/1 ","6","6","6","999","999","999","999","6/8 ","Luciano José da Silva ","Proprietário ","879 88143749","José Lucas marques do Nascimento | 1356087793","Preenchimento via link",3410419,30/05/2026 12:51:08,30/05/2026 13:02:17,-8.53452649,-37.69513000
"Ibimirim ","Restaurantes","ATIVO","Bar e restaurante do neto ","Avenida presidente Vargas S/N Lages Ibimirim/Pernambuco 56580.000","-8.5345849"," -37.6962231","87 988140996","999","999","999",2,1,60,7,20,"À la carte","Delivery",,,,,,,"Pernambucana",,,,,,,,,,,,,,,,,,,,,,,"Arrumadinho","Bode","Carne de sol com macaxeira","Galinha de cabidela",,,,,,,,,,,,"Arrumadinho","Carne de sol acebolada","Chambaril",,,,,,,,,,,,,,,"Permanente","Finais de semana",,"Janeiro","Fevereiro","Março","Abril","Maio","Junho","Julho","Agosto","Setembro","Outubro","Novembro","Dezembro","Não","7 dias semana 11:00am hrs","5 dias, turno 1 17:00hs PM ","5 dias 11:00hs am ","5 dias, 17:00hs PM ","7 dias 11:00 às 17:00hs ","2 dias 17:00hs PM ","2 dias 11:00hs am ","7 dias 13:00 às 15:00 hs ","Não funciona em feriados ","José Lucas marques do Nascimento ","Do proprietário do restaurante ","87 988140996","José Lucas marques do Nascimento | 1356087793","Preenchimento via link",3410544,30/05/2026 13:18:12,30/05/2026 13:38:27,-8.53477691,-37.69577722
"Ibimirim ","Restaurantes","ATIVO","Casa do bode ","Inês Rolim 307 Lages Ibimirim Pernambuco 56580000","-8.5345306","37.6963737)","87 9 96639034","999","https://www.instagram.com/claudivan.claudivan.501?igsh=NnhleG43NWRpOG9m","999",3,0,600,16,68,"À la carte","Delivery",,,,,,,"Pernambucana",,,,,,,,,,,,,,,,,,,,,,,"Bode","Buchada","Carne de sol com macaxeira","Sarapatel",,,,,,,,,,,,"Linguiça de bode","Queijo coalho na brasa","Sarapatel","Tripa frita",,,,,,,,,,,,,,"Permanente","Finais de semana",,"Janeiro","Fevereiro","Março","Abril","Maio","Junho","Julho","Agosto","Setembro","Outubro","Novembro","Dezembro","Não","5 dias 6:00hs am as 16:00 hs PM ","5 dias 6:00 am 16:00hs PM ","5 dias úteis 16:00pm ","5 dias úteis 16:00 hs PM ","2 dias 6:00hs am ","2 dias 16:00 hs PM ","5 dias 6:00 hs am ","2 dias 16:00hs PM ","Funcionando todos os dias ","José Lucas marques do Nascimento ","Proprietário ","87 996639034","José Lucas marques do Nascimento | 1356087793","Preenchimento via link",3410607,30/05/2026 13:39:33,30/05/2026 13:51:30,-8.53461378,-37.69616121
"Ibimirim ","Restaurantes","ATIVO","Restaurante da Luizianne ","56580970","-8.5383372","-37.6888712","87 98806-8669","999","https://www.instagram.com/restauranteluyzianne?igsh=MXQ4eWkyZmMzcGI0dA==","999",2,2,75,10,40,"Buffet","Delivery","Self-service",,,,,,"Pernambucana",,,,,,,,,,,,,,,,,,,,,,,"Arrumadinho","Bode","Chambaril","Galinha de cabidela","Mão-de-vaca","Peixada pernambucano","Sarapatel",,,,,,,,,"Arrumadinho","Chambaril","Espetinho","Macaxeira frita","Sarapatel",,,,,,,,,,,,,"Permanente","Finais de semana",,"Janeiro","Fevereiro","Março","Abril","Maio","Junho","Julho","Agosto","Setembro","Outubro","Novembro","Dezembro","Não","7:00hs am ","15:00h PM ","999","999","07:00 am","15:00 PM ","999","999","Não existe dois turnos ","José Lucas marques do Nascimento ","Gerência do restaurante ","87 98806-8669","José Lucas marques do Nascimento | 1356087793","Preenchimento via link",3414731,01/06/2026 10:13:00,01/06/2026 10:23:44,-8.53844575,-37.68899603
"Ibimirim ","Bares","ATIVO","Bate bola 7800","Rua do chafariz, bairro Lages, Ibimirim/PE 56580000","-8.5340110","-37.6971820","87991198623","999","https://www.instagram.com/batebola7800?igsh=aHdhb2Nyd2o0YzUx","999",7,4,1.600,40,1.60,"Delivery","Food truck",,,,,,,"Pernambucana",,,,,,,,,,,,,,,,,,,,,,,"Arrumadinho","Carne de sol com macaxeira",,,,,,,,,,,,,,"Caldinhos","Carne de sol acebolada","Espetinho","Linguiça de bode","Macaxeira frita","Queijo coalho na brasa",,,,,,,,,,,,"Permanente","Finais de semana",,"Janeiro","Fevereiro","Março","Abril","Maio","Junho","Julho","Agosto","Setembro","Outubro","Novembro","Dezembro","Não","999","999","18:00pm","00:00 pm","999","999","999","999","999","José Lucas marques do Nascimento ","Proprietário ","87 99119-8623","José Lucas marques do Nascimento | 1356087793","Preenchimento via link",3414941,01/06/2026 11:15:28,01/06/2026 11:28:47,-8.53829139,-37.68911814
"Jatobá ","Restaurantes","ATIVO","Restaurante Velho Chico","Restaurante Velho Chico, ETA, Jatobá - PE, CEP 56470-000.","-9.173591595940755","-38.28162765852573","+55 (87) 98154-0046","999","https://www.instagram.com/restaurante_velho_chico/","999",7,0,8223.170,40,80,"À la carte",,,,,,,,"Pernambucana",,,,,,,,,,,,,,,,,,,,,,,"Arrumadinho","Bode","Buchada","Carne de sol com macaxeira","Chambaril","Cozido pernambucano","Dobradinha","Galinha de cabidela","Peixada pernambucano","Rabada","Sarapatel",,,,,"Arrumadinho","Caldinhos","Carne de sol acebolada","Escondidinho de charque","Linguiça de bode","Macaxeira frita","Sarapatel","Tripa frita",,,,,,,,,,"Permanente","Finais de semana","Feriados e festas","Janeiro","Fevereiro","Março","Abril","Maio","Junho","Julho","Agosto","Setembro","Outubro","Novembro","Dezembro","Não","Quarta a Sexta a partir de 09:00 horas","Quarta a Sexta até as 17:30 ","999","999","Sábado, domingo e feriados, 09:00.","Sábado, domingo e feriados, 17:30.","999","999","Funciona de quarta-feira a domingo e feriados, das 09:00 às 17:30. Fechado às segundas e terças-feiras.","Cristhian Mateus dos Santos Lima","Responsável pelo estabelecimento (Restaurante Velho Chico), informações coletadas em visita técnica e entrevista local.","Responsável pelo Restaurante Velho Chico, telefone: (87) 98154-0046. E-mail: não informado.","Cristhian Mateus dos Santos Lima | 1323239933","Preenchimento via link",3421684,03/06/2026 16:00:05,03/06/2026 16:25:48,0.00000000,0.00000000
"Ibimirim ","Outros","ATIVO","Kasa do espeto ","Avenida Castro Alves 465 centro 56580970","-8.5368747","-37.6901761","87 99180-6698","999","999","999",2,0,25,15,60,"Delivery","Outros",,,,,,"Espetinho ","Pernambucana",,,,,,,,,,,,,,,,,,,,,,,"Bode",,,,,,,,,,,,,,,"Caldinhos","Espetinho","Linguiça de bode","Macaxeira frita","Queijo coalho na brasa","Tripa frita",,,,,,,,,,,,"Permanente","Finais de semana","Feriados e festas","Janeiro","Fevereiro","Março","Abril","Maio","Junho","Julho","Agosto","Setembro","Outubro","Novembro","Dezembro","Não","999","999","17:00h","00:00h","17:00H","00:00H","17:00","00:00","Só funciona no turno 2","José Lucas marques do Nascimento ","Proprietário ","87 99180-6698","José Lucas marques do Nascimento | 1356087793","Preenchimento via link",3430036,06/06/2026 16:56:25,06/06/2026 17:10:00,-8.53814941,-37.69506914
"Ibimirim ","Lanchonetes","ATIVO","Gyros burgue ","Rua santa Isabel S/N 56582027","-8.5356619","-37.6930773","87 98814-5777","999","https://www.instagram.com/gyros.rango.burguer?igsh=Y2p6MXZocjJ0c3Rw","999",2,1,5,5,25,"Delivery","Fast food","Food truck",,,,,,"Norte-americana",,,,,,,,,,,,,,,,,,,,,,,"Outros",,,,,,,,,,,,,,"Hambúrguer artesanal ","Outros",,,,,,,,,,,,,,,,"Hambúrguer artesanal e comidas árabes ","Permanente","Finais de semana","Feriados e festas","Janeiro","Fevereiro","Março","Abril","Maio","Junho","Julho","Agosto","Setembro","Outubro","Novembro","Dezembro","Não","999","999","17:00","23:00","17:00","23:00","17:00","23:00","Não abre as terças ","José Lucas marques do Nascimento ","Proprietário ","87 98814-5777","José Lucas marques do Nascimento | 1356087793","Preenchimento via link",3430056,06/06/2026 17:17:57,06/06/2026 17:27:22,-8.53847153,-37.69520542
"Ibimirim ","Bares","ATIVO","Kaio degas ","56582002","-8.5375166"," -37.6897282","87 98841-8725","999","https://www.instagram.com/kaiodegas?igsh=MWR3ZXNuc29wMm16dQ==","999",2,1,25,15,60,"Delivery",,,,,,,,"Pernambucana",,,,,,,,,,,,,,,,,,,,,,,"Bode",,,,,,,,,,,,,,,"Espetinho","Linguiça de bode","Macaxeira frita","Queijo coalho na brasa",,,,,,,,,,,,,,"Permanente","Finais de semana","Feriados e festas","Janeiro","Fevereiro","Março","Abril","Maio","Junho","Julho","Agosto","Setembro","Outubro","Novembro","Dezembro","Não","999","999","18:00","00:00","999","999","18:00","00:00","Não abre as segundas ","José Lucas marques do Nascimento ","Proprietário ","87 98841-8725","José Lucas marques do Nascimento | 1356087793","Preenchimento via link",3430120,06/06/2026 17:48:45,06/06/2026 17:55:32,-8.53811634,-37.69504983
"Ibimirim ","Pizzarias","ATIVO","Pizzaria e hamburgueria Nunes bar ","56582099","-8.5426359,","-37.6881997","87 98855-1595","999","https://www.instagram.com/nunespizzariaehamburgueria?igsh=NW13eXF0bWZ5ZXI5","999",3,0,50,6,30,"À la carte","Delivery","Fast food",,,,,,"Norte-americana","Pernambucana",,,,,,,,,,,,,,,,,,,,,,"Bode","Carne de sol com macaxeira",,,,,,,,,,,,,,"Carne de sol acebolada",,,,,,,,,,,,,,,,,"Permanente","Finais de semana","Feriados e festas","Janeiro","Fevereiro","Março","Abril","Maio","Junho","Julho","Agosto","Setembro","Outubro","Novembro","Dezembro","Não","999","999","18:00","00:00","999","999","18:00","00:00","Abre todos os dias ","José Lucas Marques do nascimento ","Proprietário ","87 98855-1595","José Lucas marques do Nascimento | 1356087793","Preenchimento via link",3430121,06/06/2026 17:56:46,06/06/2026 18:05:08,-8.53811634,-37.69504983
"Ibimirim ","Restaurantes","ATIVO","Bar e restaurante da dany ","Estr. p/ Moxotó, 150 (PE336) - Ibimirim, PE, 56580-000","-8.5432469","-37.6887462","87 9 96099291","999","https://www.instagram.com/espetinho.da.dany10?igsh=MWt3Z3E1NmdjOTVxZQ==","999",2,0,150,15,60,"À la carte","Buffet","Delivery",,,,,,"Pernambucana",,,,,,,,,,,,,,,,,,,,,,,"Arrumadinho","Bode","Buchada","Carne de sol com macaxeira","Dobradinha","Rabada","Sarapatel",,,,,,,,,"Arrumadinho","Carne de sol acebolada","Escondidinho de charque","Espetinho","Linguiça de bode","Macaxeira frita","Queijo coalho na brasa","Sarapatel","Tripa frita",,,,,,,,,"Permanente","Finais de semana","Feriados e festas","Janeiro","Fevereiro","Março","Abril","Maio","Junho","Julho","Agosto","Setembro","Outubro","Novembro","Dezembro","Não","7:00","15:00","15:00","23:00","07:00","15:00","15:00","23:00","999","José Lucas marques do Nascimento ","Proprietário ","87 9 96099291","José Lucas marques do Nascimento | 1356087793","Preenchimento via link",3433072,08/06/2026 13:42:15,08/06/2026 13:54:09,-8.53811149,-37.69506103
"Ibimirim ","Pizzarias","ATIVO","Nem do hambúrguer lanchonete e Pizarria ","R. Castro Alves, 412 - Ibimirim, PE, 56580 970","-8.5372689","-37.6894546","87 9 91450722","999","https://www.instagram.com/nendoburgues?igsh=MW8wOHRtZXJoZWdrYg==","999",5,3,240,30,120.00,"Delivery","Fast food","Food truck",,,,,,"Italiana","Norte-americana","Pernambucana",,,,,,,,,,,,,,,,,,,,,"Outros",,,,,,,,,,,,,,"999","Linguiça de bode","Macaxeira frita",,,,,,,,,,,,,,,,"Permanente","Finais de semana","Feriados e festas","Janeiro","Fevereiro","Março","Abril","Maio","Junho","Julho","Agosto","Setembro","Outubro","Novembro","Dezembro","Não","999","999","17:00","23:00","999","999","17:00","23:00","Não funciona no turno 1","José Lucas marques do Nascimento ","Proprietário ","87 9 91450722","José Lucas marques do Nascimento | 1356087793","Preenchimento via link",3433105,08/06/2026 13:56:49,08/06/2026 14:07:45,-8.53811131,-37.69506018
"Ibimirim ","Restaurantes","ATIVO","Restaurante e lanchonete São Paulo self service","Av. Getúlio Vargas, 112 - Lages, Ibimirim - PE, 565886150","-8.5347782"," -37.6951969","87 9 96826674","999","https://www.instagram.com/paulorestaurantesao?igsh=MXNxMGd3dmc3MW96bQ==","999",2,2,135,9,50,"Delivery","Self-service",,,,,,,"Pernambucana",,,,,,,,,,,,,,,,,,,,,,,"Arrumadinho","Bode","Buchada","Caldeirada","Carne de sol com macaxeira","Chambaril","Dobradinha","Galinha de cabidela","Mão-de-vaca","Rabada","Sarapatel",,,,,"Arrumadinho","Carne de sol acebolada","Chambaril","Escondidinho de charque","Linguiça de bode","Macaxeira frita","Sarapatel","Tripa frita",,,,,,,,,,"Permanente","Finais de semana",,"Janeiro","Fevereiro","Março","Abril","Maio","Junho","Julho","Agosto","Setembro","Outubro","Novembro","Dezembro","Não","6:30","15:00","999","999","6:30","15:00","999","999","Só trabalha café e almoço ","José Lucas marques do nascimento ","Proprietário ","87 9 96826674","José Lucas marques do Nascimento | 1356087793","Preenchimento via link",3433126,08/06/2026 14:11:52,08/06/2026 14:22:46,-8.53813027,-37.69503952
"Ibimirim ","Bares","ATIVO","Bar dos louceiros ","Prainha, poço da cruz 56580-000","-8.4998607"," -37.7128072","87 988431697","999","https://www.instagram.com/bardoslouceiros?igsh=NmN6aXRoc2E4MG95","999",14,12,5.000,70,400.00,"Delivery",,,,,,,,"Pernambucana",,,,,,,,,,,,,,,,,,,,,,,"Arrumadinho","Outros",,,,,,,,,,,,,"Tilápia especialidade da casa ","Outros",,,,,,,,,,,,,,,,"Peixe frito ","Permanente","Finais de semana",,"Janeiro","Fevereiro","Março","Abril","Maio","Junho","Julho","Agosto","Setembro","Outubro","Novembro","Dezembro","Não","999","999","999","999","8:00","12:00","12:00","18:00","Só funciona a os domingos ","José Lucas marques do Nascimento ","Proprietário ","87 988431697","José Lucas marques do Nascimento | 1356087793","Preenchimento via link",3433129,08/06/2026 14:25:46,08/06/2026 14:34:17,-8.53811131,-37.69506018
"Ibimirim ","Bares","ATIVO","Barraca Lucia do peixe","Prainha, poço da cruz . 56580000","-8.4996223","-37.7125769","87 98817-7427","999","https://www.instagram.com/barluciadopeixe?igsh=MWVncDRwNGkyMXFubg==","999",4,4,200,65,150.00,"Delivery",,,,,,,,"Pernambucana",,,,,,,,,,,,,,,,,,,,,,,"Peixada pernambucano",,,,,,,,,,,,,,,"Arrumadinho","Caldinhos",,,,,,,,,,,,,,,,"Permanente","Finais de semana",,"Janeiro","Fevereiro","Março","Abril","Maio","Junho","Julho","Agosto","Setembro","Outubro","Novembro","Dezembro","Não","999","999","999","999","6:00","12:00","12:00","18:00","Só atende a os sábados e domingos ","José Lucas marques  do nascimento ","Proprietária ","87 98817-7427","José Lucas marques do Nascimento | 1356087793","Preenchimento via link",3433135,08/06/2026 14:38:11,08/06/2026 14:48:36,-8.53811496,-37.69506877
"Ibimirim ","Bares","ATIVO","Barraca dona linda ","Prainha, poço da cruz, 56580000","-8.4970183","-37.7122913","87 98814461","999","999","999",2,1,200,40,150.00,"À la carte",,,,,,,,"Pernambucana",,,,,,,,,,,,,,,,,,,,,,,"Arrumadinho","Bode","Buchada","Carne de sol com macaxeira","Sarapatel",,,,,,,,,,,"Arrumadinho","Caldinhos","Carne de sol acebolada","Linguiça de bode","Macaxeira frita","Queijo coalho na brasa","Sarapatel","Tripa frita",,,,,,,,,,"Permanente","Finais de semana",,"Janeiro","Fevereiro","Março","Abril","Maio","Junho","Julho","Agosto","Setembro","Outubro","Novembro","Dezembro","Não","999","999","999","999","09:00","12:00","12:00","18:00","Só funciona as os sábados e domingos ","José Lucas marques do Nascimento ","Proprietário ","87 98814461","José Lucas marques do Nascimento | 1356087793","Preenchimento via link",3433154,08/06/2026 14:54:58,08/06/2026 15:02:20,-8.53811645,-37.69504959
"Petrolândia ","Outros","ATIVO","Balneario roça de samyr","Sitio serrota","-8.9883761","-38.2348167","87 99967-2849","999","Instagra : samyroliveirasouza","Samyrkiss@hotmail.com",8,2,2000,40,160,"À la carte","Delivery","Fast food","Self-service","Outros",,,"99","Pernambucana","Outros",,,,,,,,,,,,,,,,,,,,,"Peixe , bode e buchada","Arrumadinho","Bode","Buchada","Caldeirada","Carne de sol com macaxeira","Chambaril","Cozido pernambucano","Dobradinha","Galinha de cabidela","Peixada pernambucano","Rabada","Sarapatel","Outros",,"Batata frita","Arrumadinho","Caldinhos","Carne de sol acebolada","Escondidinho de charque","Espetinho","Macaxeira frita","Tripa frita","Outros",,,,,,,,,"999","Permanente","Finais de semana","Feriados e festas","Janeiro","Fevereiro","Março","Abril","Maio","Junho","Julho","Agosto","Setembro","Outubro","Novembro","Dezembro","Não","De sexta a domingo e feriados  Das 8: 00 as 12:00","De sexta a domingo  Das 8: 00 as 12:00","De sexta a domingo e feriados  Das 12: 00 as 18:00","De sexta a domingo   Das 12: 00 as 18:00","De sexta a domingo e feriados  Das 8: 00","De sexta a domingo e feriados  Das 8: 00 as 18:00","Das 12:00 as 18:00","999","De sexta a domingo e feriados  Das 8: 00 as 18 :00","Com a esposa de samyr","No balneario roça de samyr","87 99967-2849","Marcio Gomes dos Santos | 1333434812","Marcio Gomes dos Santos | 1333434812",3433207,07/06/2026 16:36:50,07/06/2026 17:09:41,-8.98553917,-38.21883850
"Petrolândia ","Outros","ATIVO","Restaurante felix","R, são francisco  184 Q.CS.Petrolãndia -PE 56460-000","-8.9827904","-38.2166897","87 99634-2299","999","Instagran : Resturante_felix","9999",6,999,200,8,32,"Delivery","Self-service","Outros",,,,,"9999","Pernambucana","Outros",,,,,,,,,,,,,,,,,,,,,"999","Arrumadinho","Carne de sol com macaxeira","Galinha de cabidela","Peixada pernambucano","Outros",,,,,,,,,,"9999","Arrumadinho","Carne de sol acebolada","Escondidinho de charque","Fritada de aratu","Linguiça de bode","Macaxeira frita","Queijo coalho na brasa","Outros",,,,,,,,,"9999","Permanente","Finais de semana",,"Janeiro","Fevereiro","Março","Abril","Maio","Junho","Julho","Agosto","Setembro","Outubro","Novembro","Dezembro","Sim",,,,,,,,,"De domingo a domingo / das 07:00 as 18:00","999","No restaurante felix","87 99634-2299/ seu felix","Marcio Gomes dos Santos | 1333434812","Marcio Gomes dos Santos | 1333434812",3433208,07/06/2026 17:14:11,07/06/2026 17:32:52,-8.98553846,-38.21894185
"Petrolândia ","Churrascaria","ATIVO","Rstaurante aguia","Av: dejalma  wanderley , 4530, Q, cs Petrolãndia -PE","-89813639","-382153862","87 99922-2870","999","Instagran : Agui.resturante","9999",10,0,500,15,60,"Delivery","Self-service","Outros",,,,,"9999","Pernambucana","Outros",,,,,,,,,,,,,,,,,,,,,"9999","Arrumadinho","Bode","Buchada","Carne de sol com macaxeira","Dobradinha","Galinha de cabidela","Peixada pernambucano","Outros",,,,,,,"999","Arrumadinho","Caldinhos","Carne de sol acebolada","Escondidinho de charque","Linguiça de bode","Macaxeira frita","Tripa frita","Outros",,,,,,,,,"999","Permanente","Finais de semana","Feriados e festas","Janeiro","Fevereiro","Março","Abril","Maio","Junho","Julho","Agosto","Setembro","Outubro","Novembro","Dezembro","Sim",,,,,,,,,"De domingo a domingo das 7:00 as 22:00","999","No restaurante","87-99922-2870/Lenivaldo","Marcio Gomes dos Santos | 1333434812","Marcio Gomes dos Santos | 1333434812",3433209,07/06/2026 17:37:31,07/06/2026 17:55:40,-8.98548067,-38.21891880
