"P0. Município","1. Tipo da Categoria. Especificar de acordo com os itens listados abaixo (caso o atrativo possua mais de uma categoria, registrar um formulário para cada categoria).","2. Situaçăo. Selecionar opçăo ATIVO ou INATIVO.","3. Nome. Informar o nome pelo qual o atrativo é mais conhecido pela comunidade local ou visitantes.","4. Endereço. Informar com maior detalhamento possível (rua, número, bairro/distrito, CEP, telefone, site, e-mail).","5.1 Coordenadas (Lat). Informar a latitude geográfica do local em formato decimal (ex.: -8.173980914932773).","5.2 Coordenadas (Lon). Informar a longitude geográfica do local em formato decimal (ex.: -34.91794704663379).","6. DDD / Telefone. Informar o DDD + Telefone no padrăo (XX) XXXXX-XXXX.","7. Outro Telefone. Informar um telefone adicional, se aplicável, no padrăo (XX) XXXXX-XXXX.","8. Site. Informar o link de acesso ao site e/ou nomes dos perfis das redes sociais.","9. E-mail. Informar o e-mail do atrativo.","10. Capacidade de Atendimento Pessoas. Número máximo de pessoas que a instalaçăo desportiva pode atender simultaneamente.","11. Área (m˛). Informar a área total da instalaçăo em metros quadrados.","12.1 Período de Funcionamento. Selecionar se a atividade é Permanente ou Temporada.","12.2 Período de Funcionamento. Marcar as opçőes aplicáveis para Finais de Semana e/ou Feriados e Festas.","12.2 Período de Funcionamento. Marcar as opçőes aplicáveis para Finais de Semana e/ou Feriados e Festas.","12.3 Período de Funcionamento. Assinalar individualmente os meses em que há operaçăo.","12.3 Período de Funcionamento. Assinalar individualmente os meses em que há operaçăo.","12.3 Período de Funcionamento. Assinalar individualmente os meses em que há operaçăo.","12.3 Período de Funcionamento. Assinalar individualmente os meses em que há operaçăo.","12.3 Período de Funcionamento. Assinalar individualmente os meses em que há operaçăo.","12.3 Período de Funcionamento. Assinalar individualmente os meses em que há operaçăo.","12.3 Período de Funcionamento. Assinalar individualmente os meses em que há operaçăo.","12.3 Período de Funcionamento. Assinalar individualmente os meses em que há operaçăo.","12.3 Período de Funcionamento. Assinalar individualmente os meses em que há operaçăo.","12.3 Período de Funcionamento. Assinalar individualmente os meses em que há operaçăo.","12.3 Período de Funcionamento. Assinalar individualmente os meses em que há operaçăo.","12.3 Período de Funcionamento. Assinalar individualmente os meses em que há operaçăo.","13.1 Funcionamento Dias/Horário. Atendimento 24 horas.","13.2 Funcionamento Dias/Horário. Dias úteis, turno 1, início (das).","13.3 Funcionamento Dias/Horário. Dias úteis, turno 1, fim (ŕs).","13.4 Funcionamento Dias/Horário. Dias úteis, turno 2, início (das).","13.5 Funcionamento Dias/Horário. Dias úteis, turno 2, fim (ŕs).","13.6 Funcionamento Dias/Horário. Finais de semana/feriados, turno 1, início (das).","13.7 Funcionamento Dias/Horário. Finais de semana/feriados, turno 1, fim (ŕs).","13.8 Funcionamento Dias/Horário. Finais de semana/feriados, turno 2, início (das).","13.9 Funcionamento Dias/Horário. Finais de semana/feriados, turno 2, fim (ŕs).","13.10 Funcionamento Dias/Horário. Observaçőes e outros períodos.","14. Acesso Ponto de Referęncia. Informar um ponto de referęncia próximo ŕ instalaçăo.","15.1.1 Vias de Acesso a partir da localidade mais próxima. Informar o nome da localidade em referęncia.","15.1.2 Vias de Acesso a partir da localidade mais próxima. Informar rodovias, estradas vicinais e referęncias para chegar ao atrativo.","15.1.3 Estado de conservaçăo do acesso a partir da localidade mais próxima. Bom: acesso em qualquer época. Regular: restringe uso em algum período. Ruim: dificulta o acesso.","15.1.4 Distância em km a partir da localidade citada; em caso de rodovia, informar a distância da rodovia até o atrativo.","15.2.1 Vias de Acesso a partir do Recife. Informar rodovias, estradas vicinais e referęncias para chegar ao atrativo.","15.2.2 Estado de conservaçăo do acesso a partir do Recife. Bom: acesso em qualquer época. Regular: restringe uso em algum período. Ruim: dificulta o acesso.","15.2.3 Distância em km a partir do Marco Zero.","16. Distância da sede do Município (Km). Indique a distância da instalaçăo até a sede do município.","17. Transporte. Informar o tipo de transporte mais utilizado desde a localidade em referęncia (ex.: ônibus intermunicipais, ônibus urbanos, carro de aluguel, transporte alternativo coletivo).","18. Equipamentos e Serviços. Selecione os equipamentos e serviços disponíveis na instalaçăo.","18. Equipamentos e Serviços. Selecione os equipamentos e serviços disponíveis na instalaçăo.","18. Equipamentos e Serviços. Selecione os equipamentos e serviços disponíveis na instalaçăo.","18. Equipamentos e Serviços. Selecione os equipamentos e serviços disponíveis na instalaçăo.","18. Equipamentos e Serviços. Selecione os equipamentos e serviços disponíveis na instalaçăo.","18. Equipamentos e Serviços. Selecione os equipamentos e serviços disponíveis na instalaçăo.","18. Equipamentos e Serviços. Selecione os equipamentos e serviços disponíveis na instalaçăo.","18. Equipamentos e Serviços. Selecione os equipamentos e serviços disponíveis na instalaçăo.","18. Equipamentos e Serviços. Selecione os equipamentos e serviços disponíveis na instalaçăo.","18. Equipamentos e Serviços. Selecione os equipamentos e serviços disponíveis na instalaçăo.","18. Equipamentos e Serviços. Selecione os equipamentos e serviços disponíveis na instalaçăo.","18. Equipamentos e Serviços. Selecione os equipamentos e serviços disponíveis na instalaçăo.","18. Equipamentos e Serviços. Selecione os equipamentos e serviços disponíveis na instalaçăo.","18. Equipamentos e Serviços. Selecione os equipamentos e serviços disponíveis na instalaçăo.","18. Equipamentos e Serviços. Selecione os equipamentos e serviços disponíveis na instalaçăo.","18. Equipamentos e Serviços. Selecione os equipamentos e serviços disponíveis na instalaçăo.","18. Equipamentos e Serviços. Selecione os equipamentos e serviços disponíveis na instalaçăo.","19. Outros. Indicar outros equipamentos e serviços conforme a disponibilidade do estabelecimento.","20. Adaptaçőes e Facilidades para Pessoas com Deficięncia. Adaptado: estrutura adequada. Năo Adaptado: sem adaptaçăo. Semiadaptado: algumas adaptaçőes, sem atender completamente os padrőes.","21. Descreva as adaptaçőes. Informar com maior detalhamento possível as adaptaçőes existentes.","22. Pesquisador. Campo preenchido automaticamente com o usuário responsável pelo preenchimento do formulário.","23.1 Fonte. Informar de onde (pessoa ou órgăo/entidade) as informaçőes foram extraídas e inseridas nos campos anteriores.","23.2 Fonte. Incluir contatos, se disponíveis (ex.: nome do responsável, telefone, e-mail).","24. Pesquisador: ","Pesquisador","Nro. Identificaçăo","Data Início","Data Fim","Latitude","Longitude"
"Manari ","Áreas Esportivas","ATIVO","MR ARENA SHOW","Sítio Umbuzeiro Doce, Andrelinos, Zona Rural, 56565000",85540,373849,"87998097156","87998097156","@mr_arena_show","marcelinhorodrigues963@gmail.com",4.000,3.080,"Permanente","Finais de Semana","Feriados e Festas","Janeiro","Fevereiro","Março","Abril","Maio","Junho","Julho","Agosto","Setembro","Outubro","Novembro","Dezembro","Năo","8:00","12:00","12:00","22:00","8:00","12:00","12:00","22:00","Funcionamento especial de acordo com o evento.","O povoado do Umbuzeiro Doce","Povoado do Umbuzeiro Doce","Segue pela estrada da Fazenda de Zé Carlos","Bom",1,"BR 232 até Arcoverde, PE 270 até Itaíba e PE 300 até Manari, segue por 5 km até a entrada do Umbuzeiro Doce e mais 2km pela estrada de chăo.","Bom",355,7,"Carro, moto, ŕ pé, bicicleta, cavalo, ônibus, entre outros.","Playground","Música Ambiente","Telăo","Equipamento Som","Shows Folclóricos","Primeiros Socorros","Equip. Iluminaçăo","Shows Artísticos","Wi-fi","Bar","Restaurante","Estacionamento","Sanitários",,,,,"Fácil acesso, mini campo iluminado, torneios e campeonatos com premiaçăo e troféus, ambiente familiar, área de recreaçăo e lazer.","Semiadaptado","Terraplanagem e fácil acesso.","Marciano Rodrigues de Oliveira","Marcelo Rodrigues de Oliveira - MR ARENA SHOW","87998097156","Marciano Rodrigues de Oliveira | 1323221000","Marciano Rodrigues de Oliveira | 1323221000",3402102,24/05/2026 19:17:18,24/05/2026 19:39:21,-8.92769667,-37.64697333
"Manari ","Parques de Vaquejada/Cavalhada","ATIVO","Festa da promessa de José Gabriel","Sítio Salgado I",85717,373842,"87 99996-0567","87 99996-0567","999","999",1000,1200,"Permanente","Feriados e Festas",,"Janeiro","Setembro",,,,,,,,,,,"Sim","6:00","12:00","12:00","0:00","6:00","12:00","12:00","0:00","Somente nos dias da festa","PE 300, sentindo Inajá, primeira entrada ŕ esquerda, descendo para a Lagoa da vaca.","Rodovia que liga Manari ŕ Inajá, seguindo pela estrada da Lagoa da vaca.","Passa próximo a Nelinho de bidon, antes da igrejinha do Salgado.","Regular",1,"BR 232, PE 270, e PE 300.","Bom",355,2,"A pé, caminhăo, carro, moto, bicicleta, cavalo e jumento.","Equipamento Som","Equip. Iluminaçăo","Shows Artísticos","Wi-fi","Bar","Restaurante","Estacionamento","Sanitários",,,,,,,,,,"Espaço e água para os animais, entrega de troféus e sorteios.","Năo Adaptado",,"Marciano Rodrigues de Oliveira","Márcia Ferreira, Valdir Ferreira e José Gabriel e família.","87 99996-0567","Marciano Rodrigues de Oliveira | 1323221000","Marciano Rodrigues de Oliveira | 1323221000",3393205,18/05/2026 18:36:22,18/05/2026 18:50:58,-8.95476667,-37.64506667
"Manari ","Academias em Espaços Públicos","ATIVO","Academia Fik Fit","Praça Nossa Senhora da Conceiçăo, 32, Centro, 56565000",85747,373735,"87981106132","87981106132","@fikfitmanari","Năo tem!",60,250,"Permanente","Finais de Semana","Feriados e Festas","Janeiro","Fevereiro","Março","Abril","Maio","Junho","Julho","Agosto","Setembro","Outubro","Novembro","Dezembro","Năo","5:30","10:00","14:00","21:00","6:00","10:00","Năo funciona","Năo funciona","As vezes funciona em horário reduzido nos fins de semana e feriados.","Próximo a igreja matriz","Igreja matriz Católica","Contornar a praça Nossa Senhora da Conceiçăo","Bom",0,"BR 232, PE 270, e PE 300 até Manari","Bom",355,0,"A pé, moto e carro.","Música Ambiente","Equipamento Som","Primeiros Socorros","Equip. Iluminaçăo","TV","Wi-fi","Sanitários","Chuveirőes",,,,,,,,,,"Personais treinados, frigobar, variedade alta de máquinas para treinos superiores e inferiores de musculaçăo, treinos e máquinas para treinos funcionais.","Năo Adaptado",,"Marciano Rodrigues de Oliveira","Valéria - Academia Fik Fit","87 981106132","Marciano Rodrigues de Oliveira | 1323221000","Marciano Rodrigues de Oliveira | 1323221000",3397230,21/05/2026 18:12:42,21/05/2026 18:39:20,-8.96355667,-37.62644667
"Manari ","Pista para Motocross","ATIVO","Mana off road","Chácara Acapulco, Rod PE 300, Zona Rural, 56565000",85746,373733,"87991088809","87996253152","@3manaoffroad_feminina","Năo tem",200,3000,"Permanente","Feriados e Festas",,"Julho",,,,,,,,,,,,"Năo","8:00","12:00","12:00","2:00","8:00","12:00","12:00","2:00","Passeios aleatórios","O Rancho Comedoria e Petiscaria","PE 300, e estrada de chăo por cerca de 400 metros até a concentraçăo.","Rodovia PE 300, próximo a entrada do Umbuzeiro Doce.","Bom",1,"BR 232, PE 270, e PE 300","Bom",355,4,"Moto, carro, ŕ pé, bicicleta, ônibus, entre outros.","Piscina","Playground","Telăo","Equipamento Som","Primeiros Socorros","Equip. Iluminaçăo","Shows Artísticos","Wi-fi","Bar","Restaurante","Estacionamento","Sanitários","Chuveirőes",,,,,"999","Semiadaptado","Rampa de acesso","Marciano Rodrigues de Oliveira","Maripaula Chaveiro de Oliveira","87991088809","Marciano Rodrigues de Oliveira | 1323221000","Marciano Rodrigues de Oliveira | 1323221000",3395491,20/05/2026 16:16:11,20/05/2026 16:42:20,-8.95869667,-37.62382667
"Manari ","Pega de Boi no Mato","ATIVO","Pega de boi no mato no parque Padre Cícero","Sítio Cacimba Nova, S/N, Zona Rural, 56565000",85531,373529,"87981172439","87981172439","999","manemaneaboiado@gmail.com",1500,4800,"Permanente","Feriados e Festas",,"Abril",,,,,,,,,,,,"Sim","Desde 7:00 horas","12:00","12:00","Sem horário de acabar","Desde 7:00 da manhă","Meio dia","Meio dia","Sem horário de acabar","Somente nos dias da festa","Próximo a escola Paulo VI e Nequinho","Saindo da Rodovia PE 300, segue pela estrada da Lage Vermelha","Estrada da Lage Vermelha, na direçăo da Carnaúba.","Bom",5,"BR 232, PE 270, e PE 300","Bom",355,5,"Moto, cavalo, carro, entre outros.","Equipamento Som","Equip. Iluminaçăo","Shows Artísticos","Bar","Restaurante","Estacionamento",,,,,,,,,,,,"Espaço, agua e alimento para os animais e festa.","Adaptado","Espaço adequado com nivelamento e acesso para todos os públicos.","Marciano Rodrigues de Oliveira","Manoel Celestino de Oliveira","87981172439","Marciano Rodrigues de Oliveira | 1323221000","Marciano Rodrigues de Oliveira | 1323221000",3388207,15/05/2026 12:14:45,15/05/2026 12:38:31,-8.92528000,-37.59152667
"Manari ","Parques de Vaquejada/Cavalhada","ATIVO","Parque de Vaquejada - Sítio Dona Luíza e Zé da grota","Sítio Salgado N° 120, Zona Rural, 56565000",85712,373817,"87991565007","87991565007","Năo tem","Năo tem",1500,5.000,"Permanente","Finais de Semana","Feriados e Festas","Janeiro","Fevereiro","Março","Abril","Maio","Junho","Julho","Agosto","Setembro","Outubro","Novembro","Dezembro","Năo","8:00","12:00","12:00","22:00","8:00","12:00","12:00","0:00","Aberto somente nos dias das festas","Ŕs margens da rodovia PE 300","Rodovia PE 300","Pequena estrada de chăo até o atrativo.","Bom",1,"BR 232 até Arcoverde, PE 270 até Itaíba, e PE 300 até Manari","Bom",355,1,"A cavalo, carro de boi, carro, moto, caminhăo, ŕ pé, etc.","Equipamento Som","Equip. Iluminaçăo","Shows Artísticos","Wi-fi","Bar","Restaurante","Estacionamento","Sanitários","Chuveirőes",,,,,,,,,"Área coberta, passeio de cavalos.","Năo Adaptado",,"Marciano Rodrigues de Oliveira","Vanildo José da Silva - parque de Vaquejada, Sítio Dona Luíza e Zé da grota","87991565007","Marciano Rodrigues de Oliveira | 1323221000","Marciano Rodrigues de Oliveira | 1323221000",3402684,25/05/2026 12:05:06,25/05/2026 12:31:04,-8.95341333,-37.63799167
"Manari ","Outras atividades","ATIVO","Desfile de Carro de boi do bar de Eron","Sítio Garrote, 890, Zona Rural, 56565000",85756,373432,"87981283400","87981283400","@3_encontro_de_carro_de_boi_","Năo tem",2.000,4.525,"Permanente","Finais de Semana","Feriados e Festas","Setembro",,,,,,,,,,,,"Sim","Năo tem funcionamento","Năo tem funcionamento","Năo tem funcionamento","Năo tem funcionamento","9:00","12:00","12:00","Sem horário pra terminar","Somente nos dias da festa","O campo do garrote","Segue por estrada de chăo até o espaço da festa","Estrada do Sítio Serrinha e Sítio Mandaú.","Bom",1,"BR 232 até Arcoverde, PE 270 até Itaíba, e PE 300 até a entrada do Sítio Garrote, Manari.","Bom",355,8,"Moto, carro, ŕ pé, cavalo, bicicleta, carro de boi, caminhăo, entre outros.","Playground","Equipamento Som","Equip. Iluminaçăo","Shows Artísticos","Wi-fi","Bar","Restaurante","Estacionamento","Gerador","Sanitários",,,,,,,,"Barracas, entrega de pręmios e troféus, café e almoço para o público geral, espaço amplo para as pessoas.","Năo Adaptado",,"Marciano Rodrigues de Oliveira","Eron do Bar","87981283409","Marciano Rodrigues de Oliveira | 1323221000","Marciano Rodrigues de Oliveira | 1323221000",3399044,22/05/2026 14:12:53,22/05/2026 14:34:44,-8.96548167,-37.57563000
"Manari ","Parques de Vaquejada/Cavalhada","ATIVO","Cavalgada de Nossa Senhora Aparecida","Sítio Cacimba Nova, S/N, Zona rural, 56565000",85612,373541,"87999393877","87999393877","@parquenossasenhoraaparecida","maria.ferreira.jk2018@gmail.com",400,1875,"Permanente","Feriados e Festas",,"Setembro",,,,,,,,,,,,"Sim","A partir de 8:00","Ŕs 12:00","12:00","Sem horário de encerramento","A partir das 8:00","12:00","12:00","Sem horário de encerramento","Atendimento somente no período das festas","Próximo ao colégio antigo","Antiga Escola municipal","Saindo da PE 300, entra pela estrada do açude, ŕ 5 minutos de automóveis.","Regular",3,"Rodovia 232, PE 279, e PE 300","Bom",355,5,"Moto, carro, van e cavalo.","Equipamento Som","Equip. Iluminaçăo","Shows Artísticos","Wi-fi","Bar","Restaurante","Estacionamento",,,,,,,,,,,"Espaço para a festa e local, água e raçăo para os animais.","Adaptado","Espaço adaptado com nivelamento.","Marciano Rodrigues de Oliveira","Ivanete Ferreira da Silva","87999393877","Marciano Rodrigues de Oliveira | 1323221000","Marciano Rodrigues de Oliveira | 1323221000",3388205,15/05/2026 11:03:32,15/05/2026 11:32:36,-8.93667000,-37.59485000
"Manari ","Parques de Vaquejada/Cavalhada","ATIVO","Parque María Ferreira - Cavalgada de Márcia Ferreira","Sítio Salgado I",85717,373842,"87 99996-0567","87 99996-0567","999","999",6.000,1200,"Permanente","Feriados e Festas",,"Janeiro","Setembro",,,,,,,,,,,"Sim","6:00","12:00","12:00","00:00","6:00","12:00","12:00","00:00","Somente nos dias das festas","Perto de Nelinho de bidon","300 metros","Pela estrada da Lagoa da vaca","Regular",1,"BR 232, PE 270, e PE 300, Segue para Manari e depois pela estrada do Salgado I","Bom",355,2,"Cavalo, carro, moto, ŕ pé, bicicleta, caminhăo, entre outros.","Equipamento Som","Equip. Iluminaçăo","Shows Artísticos","Wi-fi","Bar","Restaurante","Estacionamento","Sanitários",,,,,,,,,,"Espaço e água para os animais, espaço para a festa, entrega de troféus, sorteios.","Năo Adaptado",,"Marciano Rodrigues de Oliveira","Márcia Ferreira e Valdir Ferreira","87 99996-0567","Marciano Rodrigues de Oliveira | 1323221000","Marciano Rodrigues de Oliveira | 1323221000",3393204,18/05/2026 18:13:44,18/05/2026 18:36:01,-8.95463667,-37.64511833
"Manari ","Pega de Boi no Mato","ATIVO","Pega de boi no mato do Parque Nossa Senhora Aparecida","Sítio Cacimba Nova, S/N, Zona Rural, 56565000",85612,373542,"87999393877","87999393877","@parquenossasenhoraaparecida","maria.ferreira.jk2018@gmail.com",450,1875,"Permanente","Feriados e Festas",,"Março",,,,,,,,,,,,"Sim","A partir das 8:00 horas","12:00","12:00","Sem horário de encerramento","A partir das 8:00 da manhă","12:00","12:00","Sem horário de encerramento","Atendimento somente nos dias de festas.","Próximo ao colégio antigo","Escola municipal da Cacimba Nova","Saindo da PE 300, pela estrada do açude Municipal","Regular",3,"BR 232, PE 270 e PE 300","Bom",355,5,"Carro, Cavalo, moto, van e a pé.","Equipamento Som","Equip. Iluminaçăo","Shows Artísticos","Bar","Restaurante","Estacionamento",,,,,,,,,,,,"Espaço, água e raçăo para os cavalos, e área de dança.","Adaptado","Espaço adaptado com nivelamento","Marciano Rodrigues de Oliveira","Ivanete Ferreira da Silva","87999393877","Marciano Rodrigues de Oliveira | 1323221000","Marciano Rodrigues de Oliveira | 1323221000",3388206,15/05/2026 11:32:50,15/05/2026 11:48:13,-8.93668333,-37.59485000
"Manari ","Pista para Motocross","ATIVO","Manatrilha","Rodovia PE 300, S/N, Centro, 56565000",85735,373740,"87996463486","87996463486","@manatrilha","Năo tem",300,1.600,"Permanente","Finais de Semana",,"Julho",,,,,,,,,,,,"Năo","Năo há","Năo há","Năo há","Năo há","8:00","12:00","12:00","17:00","Horário de funcionamento da trilha e festa","Próximo a escola municipal Maria Alzira de Oliveira Jorge","Escola municipal Maria Alzira de Oliveira Jorge","Próximo a rodovia PE 300","Bom",0,"BR 232 até Arcoverde, PE 27 até Itaíba e PE 300 até Manari.","Bom",355,0,"Moto, quadriciclo, UTV","Playground","Música Ambiente","Equipamento Som","Primeiros Socorros","Equip. Iluminaçăo","Shows Artísticos","Wi-fi","Bar","Restaurante","Estacionamento","Sanitários","Chuveirőes",,,,,,"Café e almoço, pontos de hidrataçăo e apoio.","Năo Adaptado",,"Marciano Rodrigues de Oliveira","Romário","87996463486","Marciano Rodrigues de Oliveira | 1323221000","Marciano Rodrigues de Oliveira | 1323221000",3402686,25/05/2026 15:30:36,25/05/2026 15:47:15,-8.95978667,-37.62791667
"Manari ","Parques de Vaquejada/Cavalhada","ATIVO","Cavalgada de Cipriano Chácara Pindoba","Povoado Umbuzeiro Doce",85556,373856,"87996398423","87996398423","@piscinapindoba","siprianooliveira23@gmail.com",700,2.250,"Permanente","Finais de Semana",,"Outubro",,,,,,,,,,,,"Sim","Năo funciona","Năo funciona","Năo funciona","Năo funciona","8:00","12:00","12:00","Năo tem horário pra terminar","Somente nos dias da festa","Próximo a chácara Nossa Senhora de Fátima","Chácara Nossa Senhora de Fátima","Segue a estrada do povoado Umbuzeiro Doce","Bom",0,"BR 232, PE 270 e PE 300","Bom",355,5,"Moto, carro, ŕ pé, cavalo, entre outros.","Piscina","Playground","Música Ambiente","Equipamento Som","Equip. Iluminaçăo","Shows Artísticos","Wi-fi","Bar","Restaurante","Estacionamento","Gerador","Sanitários",,,,,,"Năo","Năo Adaptado",,"Marciano Rodrigues de Oliveira","Cipriano José de Oliveira","87996398423","Marciano Rodrigues de Oliveira | 1323221000","Marciano Rodrigues de Oliveira | 1323221000",3402104,24/05/2026 21:29:46,24/05/2026 21:40:58,-8.93222500,-37.64894833
"Manari ","Parques de Vaquejada/Cavalhada","ATIVO","Eventos culturais (pegas de boi no mato, cavalgadas, festas de carro de boi e vaquejadas).","Sítio Umbuzeiro Doce",85530,373851,"87996475621","87996475621","@cactumanari","marcianomanari@hotmail.com",5.000,10.000,"Permanente","Finais de Semana","Feriados e Festas","Janeiro","Fevereiro","Março","Abril","Maio","Junho","Julho","Agosto","Setembro","Outubro","Novembro","Dezembro","Sim","8:00","12:00","12:00","22:00","9:00","12:00","12:00","0:00","Somente nos dias das festas","Próximo ao povoado do Umbuzeiro Doce","Povoado do Umbuzeiro Doce","Seguir a estrada dos Andrelinos","Bom",1,"BR 232 até Arcoverde, PE 270 até Itaíba e PE 300 até Manari, segue por aproximadamente 5 km até a entrada do Umbuzeiro Doce e 2 km de estrada de chăo.","Bom",355,7,"Cavalo, carro, moto, ônibus, caminhăo, ŕ pé etc","Música Ambiente","Equipamento Som","Equip. Iluminaçăo","Shows Artísticos","Wi-fi","Bar","Restaurante","Estacionamento","Sanitários",,,,,,,,,"Barragens, água e pastagem para os animais, barracas de bebidas e comidas, entre outros.","Năo Adaptado",,"Marciano Rodrigues de Oliveira","CACTUMANARI","marcianomanari@hotmail.com","Marciano Rodrigues de Oliveira | 1323221000","Marciano Rodrigues de Oliveira | 1323221000",3402106,24/05/2026 23:15:22,24/05/2026 23:25:23,-8.92512000,-37.64739000
"Manari ","Pega de Boi no Mato","ATIVO","Pega de boi e festa no parque Padre Cícero","Sítio Umbuzeiro Doce, S/N, Zona Rural 56565000",85536,373924,"87999527204","87999527204","@domingospereira","Năo tem",300,1.200,"Permanente","Finais de Semana",,"Outubro",,,,,,,,,,,,"Sim","Năo funciona","Năo funciona","Năo funciona","Năo funciona","8:30","12:00","12:00","Sem horário pra terminar","Funcionamento somente nos dias das festas","Próximo a entrada do Umbuzeiro Doce","Entrada do Umbuzeiro Doce","Segue a PE 300 até o local da festa","Bom",1,"BR 232 até Arcoverde, PE 270 Itaíba, e PE 300 até 5 km após a sede municipal de Manari.","Bom",355,5,"Cavalo, jegue, ŕ pé, bicicleta, ônibus, carro, moto, caminhăo etc.","Música Ambiente","Equipamento Som","Equip. Iluminaçăo","Shows Artísticos","Wi-fi","Bar","Restaurante","Estacionamento","Sanitários",,,,,,,,,"Entrega de pręmios e troféus, água e espaço para os animais.","Năo Adaptado",,"Marciano Rodrigues de Oliveira","Domingos José Pereira","87999527204","Marciano Rodrigues de Oliveira | 1323221000","Marciano Rodrigues de Oliveira | 1323221000",3402911,25/05/2026 19:48:44,25/05/2026 20:13:32,-8.92673333,-37.65674667
"Manari ","Academias em Espaços Públicos","ATIVO","Alpha Fitness","Rua Dom Pedro II, S/N, Centro, 56565000",85734,373734,"87999964739","87999964739","@alphafitness","Năo tem",40,720,"Permanente","Finais de Semana","Feriados e Festas","Janeiro","Fevereiro","Março","Abril","Maio","Junho","Julho","Agosto","Setembro","Outubro","Novembro","Dezembro","Năo","5:30","11:00","14:00","21:00","7:00","10:00","15:00","18:00","999","Em frente a prefeitura municipal","Prefeitura Municipal de Manari","Cruzar a Rodovia PE 300","Bom",1,"BR 232, PE 270, PE 300","Bom",355,1,"A pé, moto, carro e bicicleta.","Música Ambiente","Equipamento Som","Primeiros Socorros","Equip. Iluminaçăo","Wi-fi","Estacionamento","Sanitários","Chuveirőes",,,,,,,,,,"Aulas de jiu-jitsu, personais treinados, equipamentos diversos para musculaçăo, ambiente interno climatizado, equipamentos de última geraçăo.","Năo Adaptado",,"Marciano Rodrigues de Oliveira","Sabrina","@sabrinnaasilva","Marciano Rodrigues de Oliveira | 1323221000","Marciano Rodrigues de Oliveira | 1323221000",3397231,21/05/2026 18:50:22,21/05/2026 19:11:35,-8.95950167,-37.62604833
"Manari ","Parques de Vaquejada/Cavalhada","ATIVO","Parque Amaral - Encontro de Vaqueiro e Amazonas.","Sítio Cedro, S/N, ZONA RURAL, 56565000",85711,373614,"87981100052","87981100052","999","999",1500,3200,"Permanente","Feriados e Festas",,"Maio",,,,,,,,,,,,"Sim","8:00","12:00","12:00","5:40","6:00","12:00","12:00","5:00","Somente nos dias da festa.","Frente a Helio Chaveiro","Somente cruzar a Rodovia PE 300","Cruzando a PE 300","Bom",1,"BR 232, PE 270 e PE 300, segue por aproximadamente 20 km.","Bom",355,2,"De carro, moto, cavalo, ŕ pé, caminhăo, van, entre outros.","Equipamento Som","Equip. Iluminaçăo","Shows Artísticos","Wi-fi","Bar","Restaurante","Estacionamento","Sanitários",,,,,,,,,,"Entrega de troféus, espaço e água para os animais.","Năo Adaptado",,"Marciano Rodrigues de Oliveira","Parque Amaral - Sandra Amaral","87981100052","Marciano Rodrigues de Oliveira | 1323221000","Marciano Rodrigues de Oliveira | 1323221000",3394392,19/05/2026 12:21:16,19/05/2026 12:43:53,-8.95303833,-37.60389333
"Ibimirim ","Áreas Esportivas","ATIVO","AABB","Rua entrada  da aabb ",854571.74,3768799.95,"87 98864-6159","87 98864-6159","999","999",50,10000.00,"Permanente","Finais de Semana",,"Janeiro","Fevereiro","Março","Abril","Maio","Junho","Julho","Agosto","Setembro","Outubro","Novembro","Dezembro","Năo","999","999","999","999","8:00 am ","17:00 PM ","999","999","Só abre a os finais de semana ","Próximo ao posto de Gustavo e da PE336","PE 336","999","Bom",01,"Br 110 Br 232","Bom",9.99,1,"Carro de aluguel e carro próprio ","Piscina","Playground","Música Ambiente","Equipamento Som","Shows Artísticos","TV","Wi-fi","Bar","Restaurante","Estacionamento","Sanitários","Chuveirőes",,,,,,"Espaço kids, Campos, quadras de vôlei. ","Năo Adaptado",,"José Lucas marques do Nascimento ","Presidęncia da aabb ","87 98864-6159","José Lucas marques do Nascimento | 1356087793","Preenchimento via link",3411079,30/05/2026 16:10:15,30/05/2026 16:24:53,-8.53832581,-37.69503044
"Trindade","Estádios e Campos de Futebol","ATIVO","Estádio Joel Lopes de Souza ( O Chicăo).","Rua Willes Gomes L Andrade, 73, Trindade-PE, 56.250-000, Brasil.",77568035,40271694,"87996069696","R/N","www.prefeituradetrindadepe.com.br             https://tichicofutebolregional.blogspot.com/p/estadio-o-chicao.html?m=1","R/N",300,1000,"Permanente","Finais de Semana",,"Janeiro","Fevereiro","Março","Abril","Maio","Junho","Julho","Agosto","Setembro","Outubro","Novembro","Dezembro","Sim","Na semana, quando ha campeonatos, aberta toda manhă e tarde para os atletas,  jogos nos finais de semana.","Manhă","Tarde","Final de semana na parte da tarde quando tem jogos","Finais de semana pela manhă quando tem jogos","Quando há eventos","R/an","R/N","Funciona na semana, manhă e tarde para os atletas treinar, funciona das 7h as 12h e das 14h as 17h, funcionando a noite vez enquanto tbm.","Fica localizada na praça do Chicăo, vila Saraiva","Via de acesso, pela avenida, rua da igreja seguindo direito... fácil de encontrar na vila Saraiva","R/N","Bom",10,"R/N","Bom",1000,1300,"Motos, carros, bicicletas, a pé","Primeiros Socorros","Equip. Iluminaçăo","Sanitários",,,,,,,,,,,,,,,"Arquibancadas","Semiadaptado","Entrada de fácil acesso, arquibancadas năo adaptadas","Anderson","Sites da prefeitura e blogs locais","Professor Dal","CICERO ANDERSON DOS SANTOS OLIVEIRA | 1295889182 ","CICERO ANDERSON DOS SANTOS OLIVEIRA | 1295889182",3391991,18/05/2026 11:56:42,18/05/2026 12:17:21,-7.75676670,-40.27161100
"Trindade","Outras atividades","ATIVO","Desafio caatinga","Rua da estrada da Barra, Vila săo Pedro, Trindade-PE, 56250-000, Brasil.",77668265,4026725,"87981263789","R/N","cronosvale.com.br/ Instagram desafio caatinga.","R/N",500,150,"Temporada","Finais de Semana",,"Agosto",,,,,,,,,,,,"Năo","O dia todo durante o evento","R/N","R/N","R/N","R/N","R/N","R/N","R/N","Funciona uma vez no ano na cidade em agosto...","Em frente ao posto de Lela","Na estrada da Barra, vila Săo Pedro","Rua próximo a Escola Apolinário","Regular",1000,"Por dentro da cidade","Regular",800,800,"Carro, moto, caminhăo, ônibus, bicicletas, carroças, pé.","Equipamento Som","Primeiros Socorros","Equip. Iluminaçăo",,,,,,,,,,,,,,,"Os equipamentos do da atraçăo é colocado somente no período do evento","Semiadaptado","Ruas de fácil acesso","Anderson dos Santos Oliveira","Site do desafio caatinga","Desafio caatinga","CICERO ANDERSON DOS SANTOS OLIVEIRA | 1295889182 ","CICERO ANDERSON DOS SANTOS OLIVEIRA | 1295889182",3394995,20/05/2026 11:15:14,20/05/2026 11:28:40,-7.76680500,-40.26759333
